{
"lengthUnit": "mil",
"components": {
	"fields": ["COMPONENT_NO", "COMPONENT_NAME", "LAYER", "X_COORDINATE", "Y_COORDINATE", "ANGLE"],
	"rows": [
		[1, "CN1", "T", 395, -375, 90],
		[2, "CN2", "T", 395, -805, 90],
		[3, "CN3", "T", 395, -1235, 90],
		[4, "CN4", "T", 1255, -375, 270],
		[5, "CN5", "T", 1255, -805, 270],
		[6, "CN6", "T", 1255, -1235, 270],
		[7, "CN7", "T", 835, -1115, 180],
		[8, "CN9", "T", 1515.8, -475, 90],
		[9, "CN11", "T", 135, -465, 270],
		[10, "CN12", "T", 1515.8, -800, 90],
		[11, "CN13", "T", 1515.8, -1120, 90],
		[12, "CN14", "T", 135, -1105, 270],
		[13, "CN15", "T", 135, -795, 270],
		[14, "CN17", "T", 825, -620, 270],
		[15, "CN19", "T", 700, -1390, 0],
		[16, "CN20", "T", 995, -1390, 0],
		[17, "U1", "T", 830, -905, 0]
	]
},
"pins": {
	"fields": ["PIN_NO", "PIN_NAME", "PIN_X", "PIN_Y", "LAYER", "PIN_TYPE", "NET_NAME", "NET_TYPE", "PAD_SHAPE", "PAD_SIZEX", "PAD_SIZEY", "HOLE_SIZE", "PAD_ANGLE"],
	"rows": [
		[1, "CN1_1", 395, -473.43, "T", "DIP", "VCC", "", "C", 125.98, 125.98, 86.61, 180],
		[2, "CN1_1", 395, -473.43, "B", "DIP", "VCC", "", "C", 125.98, 125.98, 86.61, 180],
		[3, "CN1_2", 395, -276.58, "T", "DIP", "GND", "GND", "C", 125.98, 125.98, 86.61, 180],
		[4, "CN1_2", 395, -276.58, "B", "DIP", "GND", "GND", "C", 125.98, 125.98, 86.61, 180],
		[5, "CN2_1", 395, -903.42, "T", "DIP", "VCC", "", "C", 125.98, 125.98, 86.61, 180],
		[6, "CN2_1", 395, -903.42, "B", "DIP", "VCC", "", "C", 125.98, 125.98, 86.61, 180],
		[7, "CN2_2", 395, -706.58, "T", "DIP", "GND", "GND", "C", 125.98, 125.98, 86.61, 180],
		[8, "CN2_2", 395, -706.58, "B", "DIP", "GND", "GND", "C", 125.98, 125.98, 86.61, 180],
		[9, "CN3_1", 395, -1333.42, "T", "DIP", "VCC", "", "C", 125.98, 125.98, 86.61, 180],
		[10, "CN3_1", 395, -1333.42, "B", "DIP", "VCC", "", "C", 125.98, 125.98, 86.61, 180],
		[11, "CN3_2", 395, -1136.58, "T", "DIP", "GND", "GND", "C", 125.98, 125.98, 86.61, 180],
		[12, "CN3_2", 395, -1136.58, "B", "DIP", "GND", "GND", "C", 125.98, 125.98, 86.61, 180],
		[13, "CN4_1", 1255, -276.57, "T", "DIP", "VCC", "", "C", 125.98, 125.98, 86.61, 0],
		[14, "CN4_1", 1255, -276.57, "B", "DIP", "VCC", "", "C", 125.98, 125.98, 86.61, 0],
		[15, "CN4_2", 1255, -473.43, "T", "DIP", "GND", "GND", "C", 125.98, 125.98, 86.61, 0],
		[16, "CN4_2", 1255, -473.43, "B", "DIP", "GND", "GND", "C", 125.98, 125.98, 86.61, 0],
		[17, "CN5_1", 1255, -706.58, "T", "DIP", "VCC", "", "C", 125.98, 125.98, 86.61, 0],
		[18, "CN5_1", 1255, -706.58, "B", "DIP", "VCC", "", "C", 125.98, 125.98, 86.61, 0],
		[19, "CN5_2", 1255, -903.42, "T", "DIP", "GND", "GND", "C", 125.98, 125.98, 86.61, 0],
		[20, "CN5_2", 1255, -903.42, "B", "DIP", "GND", "GND", "C", 125.98, 125.98, 86.61, 0],
		[21, "CN6_1", 1255, -1136.58, "T", "DIP", "VCC", "", "C", 125.98, 125.98, 86.61, 0],
		[22, "CN6_1", 1255, -1136.58, "B", "DIP", "VCC", "", "C", 125.98, 125.98, 86.61, 0],
		[23, "CN6_2", 1255, -1333.42, "T", "DIP", "GND", "GND", "C", 125.98, 125.98, 86.61, 0],
		[24, "CN6_2", 1255, -1333.42, "B", "DIP", "GND", "GND", "C", 125.98, 125.98, 86.61, 0],
		[25, "CN7_1", 933.42, -1115, "T", "DIP", "VCC", "", "C", 125.98, 125.98, 86.61, 270],
		[26, "CN7_1", 933.42, -1115, "B", "DIP", "VCC", "", "C", 125.98, 125.98, 86.61, 270],
		[27, "CN7_2", 736.58, -1115, "T", "DIP", "GND", "GND", "C", 125.98, 125.98, 86.61, 270],
		[28, "CN7_2", 736.58, -1115, "B", "DIP", "GND", "GND", "C", 125.98, 125.98, 86.61, 270],
		[29, "CN9_1", 1458.71, -499.6, "T", "SMD", "CANL", "", "R", 23.62, 66.93, 0, 90],
		[30, "CN9_2", 1458.71, -450.4, "T", "SMD", "CANH", "", "R", 23.62, 66.93, 0, 90],
		[31, "CN9_3", 1572.88, -572.43, "T", "SMD", "CN9_3", "", "R", 39.37, 110.24, 0, 90],
		[32, "CN9_4", 1572.88, -377.55, "T", "SMD", "CN9_4", "", "R", 39.37, 110.24, 0, 90],
		[33, "CN11_1", 192.09, -440.4, "T", "SMD", "CANL", "", "R", 23.62, 66.93, 0, 270],
		[34, "CN11_2", 192.09, -489.6, "T", "SMD", "CANH", "", "R", 23.62, 66.93, 0, 270],
		[35, "CN11_3", 77.92, -367.57, "T", "SMD", "CN11_3", "", "R", 39.37, 110.24, 0, 270],
		[36, "CN11_4", 77.92, -562.45, "T", "SMD", "CN11_4", "", "R", 39.37, 110.24, 0, 270],
		[37, "CN12_1", 1458.71, -824.61, "T", "SMD", "CANL", "", "R", 23.62, 66.93, 0, 90],
		[38, "CN12_2", 1458.71, -775.39, "T", "SMD", "CANH", "", "R", 23.62, 66.93, 0, 90],
		[39, "CN12_3", 1572.88, -897.43, "T", "SMD", "CN12_3", "", "R", 39.37, 110.24, 0, 90],
		[40, "CN12_4", 1572.88, -702.55, "T", "SMD", "CN12_4", "", "R", 39.37, 110.24, 0, 90],
		[41, "CN13_1", 1458.71, -1144.61, "T", "SMD", "CANL", "", "R", 23.62, 66.93, 0, 90],
		[42, "CN13_2", 1458.71, -1095.39, "T", "SMD", "CANH", "", "R", 23.62, 66.93, 0, 90],
		[43, "CN13_3", 1572.88, -1217.44, "T", "SMD", "CN13_3", "", "R", 39.37, 110.24, 0, 90],
		[44, "CN13_4", 1572.88, -1022.56, "T", "SMD", "CN13_4", "", "R", 39.37, 110.24, 0, 90],
		[45, "CN14_1", 192.09, -1080.39, "T", "SMD", "CANL", "", "R", 23.62, 66.93, 0, 270],
		[46, "CN14_2", 192.09, -1129.61, "T", "SMD", "CANH", "", "R", 23.62, 66.93, 0, 270],
		[47, "CN14_3", 77.92, -1007.56, "T", "SMD", "CN14_3", "", "R", 39.37, 110.24, 0, 270],
		[48, "CN14_4", 77.92, -1202.44, "T", "SMD", "CN14_4", "", "R", 39.37, 110.24, 0, 270],
		[49, "CN15_1", 192.09, -770.39, "T", "SMD", "CANL", "", "R", 23.62, 66.93, 0, 270],
		[50, "CN15_2", 192.09, -819.61, "T", "SMD", "CANH", "", "R", 23.62, 66.93, 0, 270],
		[51, "CN15_3", 77.92, -697.57, "T", "SMD", "CN15_3", "", "R", 39.37, 110.24, 0, 270],
		[52, "CN15_4", 77.92, -892.45, "T", "SMD", "CN15_4", "", "R", 39.37, 110.24, 0, 270],
		[53, "CN17_1", 683.27, -738.11, "T", "DIP", "GND", "GND", "C", 149.61, 149.61, 114.17, 0],
		[54, "CN17_1", 683.27, -738.11, "B", "DIP", "GND", "GND", "C", 149.61, 149.61, 114.17, 0],
		[55, "CN17_2", 966.73, -738.11, "T", "DIP", "VCC", "", "C", 149.61, 149.61, 114.17, 0],
		[56, "CN17_2", 966.73, -738.11, "B", "DIP", "VCC", "", "C", 149.61, 149.61, 114.17, 0],
		[57, "CN17_3", 1090.75, -501.89, "T", "DIP", "GND", "GND", "O", 47.24, 86.61, 62.99, 0],
		[58, "CN17_3", 1090.75, -501.89, "B", "DIP", "GND", "GND", "O", 47.24, 86.61, 62.99, 0],
		[59, "CN17_4", 559.25, -501.89, "T", "DIP", "GND", "GND", "O", 47.24, 86.61, 62.99, 0],
		[60, "CN17_4", 559.25, -501.89, "B", "DIP", "GND", "GND", "O", 47.24, 86.61, 62.99, 0],
		[61, "CN19_1", 675.4, -1332.91, "T", "SMD", "CANL", "", "R", 23.62, 66.93, 0, 0],
		[62, "CN19_2", 724.61, -1332.91, "T", "SMD", "CANH", "", "R", 23.62, 66.93, 0, 0],
		[63, "CN19_3", 602.57, -1447.08, "T", "SMD", "CN19_3", "", "R", 39.37, 110.24, 0, 0],
		[64, "CN19_4", 797.45, -1447.08, "T", "SMD", "CN19_4", "", "R", 39.37, 110.24, 0, 0],
		[65, "CN20_1", 970.39, -1332.91, "T", "SMD", "CANL", "", "R", 23.62, 66.93, 0, 0],
		[66, "CN20_2", 1019.61, -1332.91, "T", "SMD", "CANH", "", "R", 23.62, 66.93, 0, 0],
		[67, "CN20_3", 897.57, -1447.08, "T", "SMD", "CN20_3", "", "R", 39.37, 110.24, 0, 0],
		[68, "CN20_4", 1092.45, -1447.08, "T", "SMD", "CN20_4", "", "R", 39.37, 110.24, 0, 0],
		[69, "U1_1", 737.48, -905, "T", "SMD", "GND", "GND", "R", 78.74, 70.87, 0, 0],
		[70, "U1_2", 922.52, -905, "T", "SMD", "VCC", "", "R", 78.74, 70.87, 0, 0]
	]
}
}