{
"lengthUnit": "mil",
"components": {
	"fields": ["COMPONENT_NO", "COMPONENT_NAME", "LAYER", "X_COORDINATE", "Y_COORDINATE", "ANGLE"],
	"rows": [
		[1, "CN2", "T", 220, -1205, 0],
		[2, "CN6", "T", 215, -830, 180],
		[3, "CN7", "T", 570, -545, 180],
		[4, "CN8", "T", 570, -780, 180],
		[5, "CN9", "T", 570, -1015, 180],
		[6, "U2", "T", 295, -335, 270],
		[7, "U3", "T", 215, -640, 0]
	]
},
"pins": {
	"fields": ["PIN_NO", "PIN_NAME", "PIN_X", "PIN_Y", "LAYER", "PIN_TYPE", "NET_NAME", "NET_TYPE", "PAD_SHAPE", "PAD_SIZEX", "PAD_SIZEY", "HOLE_SIZE", "PAD_ANGLE"],
	"rows": [
		[1, "CN2_1", 121.58, -1008.15, "T", "DIP", "GND", "GND", "C", 98.42, 98.42, 70.87, 0],
		[2, "CN2_1", 121.58, -1008.15, "B", "DIP", "GND", "GND", "C", 98.42, 98.42, 70.87, 0],
		[3, "CN2_2", 318.43, -1008.15, "T", "DIP", "VCC", "", "C", 98.42, 98.42, 70.87, 0],
		[4, "CN2_2", 318.43, -1008.15, "B", "DIP", "VCC", "", "C", 98.42, 98.42, 70.87, 0],
		[5, "CN2_3", 436.54, -1401.85, "T", "DIP", "CN2_3", "", "C", 70.87, 70.87, 43.31, 0],
		[6, "CN2_3", 436.54, -1401.85, "B", "DIP", "CN2_3", "", "C", 70.87, 70.87, 43.31, 0],
		[7, "CN2_4", 3.46, -1401.85, "T", "DIP", "CN2_4", "", "C", 70.87, 70.87, 43.31, 0],
		[8, "CN2_4", 3.46, -1401.85, "B", "DIP", "CN2_4", "", "C", 70.87, 70.87, 43.31, 0],
		[9, "CN6_1", 313.43, -830, "T", "DIP", "VCC", "", "C", 125.98, 125.98, 86.61, 270],
		[10, "CN6_1", 313.43, -830, "B", "DIP", "VCC", "", "C", 125.98, 125.98, 86.61, 270],
		[11, "CN6_2", 116.58, -830, "T", "DIP", "GND", "GND", "C", 125.98, 125.98, 86.61, 270],
		[12, "CN6_2", 116.58, -830, "B", "DIP", "GND", "GND", "C", 125.98, 125.98, 86.61, 270],
		[13, "CN7_1", 594.61, -610.94, "T", "SMD", "H", "", "R", 23.62, 66.93, 0, 0],
		[14, "CN7_2", 545.38, -610.94, "T", "SMD", "L", "", "R", 23.62, 66.93, 0, 0],
		[15, "CN7_3", 472.55, -479.06, "T", "SMD", "CN7_3", "", "R", 39.37, 110.24, 0, 0],
		[16, "CN7_4", 667.44, -479.06, "T", "SMD", "CN7_4", "", "R", 39.37, 110.24, 0, 0],
		[17, "CN8_1", 594.61, -845.95, "T", "SMD", "H", "", "R", 23.62, 66.93, 0, 0],
		[18, "CN8_2", 545.38, -845.95, "T", "SMD", "L", "", "R", 23.62, 66.93, 0, 0],
		[19, "CN8_3", 472.55, -714.05, "T", "SMD", "CN8_3", "", "R", 39.37, 110.24, 0, 0],
		[20, "CN8_4", 667.45, -714.05, "T", "SMD", "CN8_4", "", "R", 39.37, 110.24, 0, 0],
		[21, "CN9_1", 594.61, -1080.95, "T", "SMD", "H", "", "R", 23.62, 66.93, 0, 0],
		[22, "CN9_2", 545.38, -1080.95, "T", "SMD", "L", "", "R", 23.62, 66.93, 0, 0],
		[23, "CN9_3", 472.55, -949.05, "T", "SMD", "CN9_3", "", "R", 39.37, 110.24, 0, 0],
		[24, "CN9_4", 667.45, -949.05, "T", "SMD", "CN9_4", "", "R", 39.37, 110.24, 0, 0],
		[25, "U2_1", 113.15, -520, "T", "DIP", "GND", "GND", "C", 98.43, 98.43, 70.87, 270],
		[26, "U2_1", 113.15, -520, "B", "DIP", "GND", "GND", "C", 98.43, 98.43, 70.87, 270],
		[27, "U2_2", 310, -520, "T", "DIP", "VCC", "", "C", 98.43, 98.43, 70.87, 270],
		[28, "U2_2", 310, -520, "B", "DIP", "VCC", "", "C", 98.43, 98.43, 70.87, 270],
		[29, "U2_3", 428.11, -323.15, "T", "DIP", "U2_3", "", "C", 70.87, 70.87, 43.31, 270],
		[30, "U2_3", 428.11, -323.15, "B", "DIP", "U2_3", "", "C", 70.87, 70.87, 43.31, 270],
		[31, "U2_4", -4.96, -323.15, "T", "DIP", "U2_4", "", "C", 70.87, 70.87, 43.31, 270],
		[32, "U2_4", -4.96, -323.15, "B", "DIP", "U2_4", "", "C", 70.87, 70.87, 43.31, 270],
		[33, "U3_1", 122.48, -640, "T", "SMD", "GND", "GND", "R", 78.74, 70.87, 0, 0],
		[34, "U3_2", 307.52, -640, "T", "SMD", "VCC", "", "R", 78.74, 70.87, 0, 0]
	]
}
}