{
"lengthUnit": "mil",
"components": {
	"fields": ["COMPONENT_NO", "COMPONENT_NAME", "LAYER", "X_COORDINATE", "Y_COORDINATE", "ANGLE"],
	"rows": [
		[1, "CN1", "T", 395, -375, 90],
		[2, "CN2", "T", 395, -805, 90],
		[3, "CN3", "T", 395, -1235, 90],
		[4, "CN4", "T", 1255, -375, 270],
		[5, "CN5", "T", 1255, -805, 270],
		[6, "CN6", "T", 1255, -1235, 270],
		[7, "CN7", "T", 835, -1093.28, 0],
		[8, "CN9", "T", 1515.8, -475, 90],
		[9, "CN10", "T", 1000, -1395, 0],
		[10, "CN11", "T", 135, -465, 270],
		[11, "CN12", "T", 1515.8, -800, 90],
		[12, "CN13", "T", 1515.8, -1120, 90],
		[13, "CN14", "T", 135, -1105, 270],
		[14, "CN15", "T", 135, -795, 270],
		[15, "CN16", "T", 835, -360, 180],
		[16, "U1", "T", 830, -920, 180],
		[17, "U2", "T", 700, -1395, 0],
		[18, "U3", "T", 830, -805, 180]
	]
},
"pins": {
	"fields": ["PIN_NO", "PIN_NAME", "PIN_X", "PIN_Y", "LAYER", "PIN_TYPE", "NET_NAME", "NET_TYPE", "PAD_SHAPE", "PAD_SIZEX", "PAD_SIZEY", "HOLE_SIZE", "PAD_ANGLE"],
	"rows": [
		[1, "CN1_1", 395, -473.43, "T", "DIP", "VCC", "", "C", 125.98, 125.98, 86.61, 180],
		[2, "CN1_1", 395, -473.43, "B", "DIP", "VCC", "", "C", 125.98, 125.98, 86.61, 180],
		[3, "CN1_2", 395, -276.58, "T", "DIP", "GND", "GND", "C", 125.98, 125.98, 86.61, 180],
		[4, "CN1_2", 395, -276.58, "B", "DIP", "GND", "GND", "C", 125.98, 125.98, 86.61, 180],
		[5, "CN2_1", 395, -903.42, "T", "DIP", "VCC", "", "C", 125.98, 125.98, 86.61, 180],
		[6, "CN2_1", 395, -903.42, "B", "DIP", "VCC", "", "C", 125.98, 125.98, 86.61, 180],
		[7, "CN2_2", 395, -706.58, "T", "DIP", "GND", "GND", "C", 125.98, 125.98, 86.61, 180],
		[8, "CN2_2", 395, -706.58, "B", "DIP", "GND", "GND", "C", 125.98, 125.98, 86.61, 180],
		[9, "CN3_1", 395, -1333.42, "T", "DIP", "VCC", "", "C", 125.98, 125.98, 86.61, 180],
		[10, "CN3_1", 395, -1333.42, "B", "DIP", "VCC", "", "C", 125.98, 125.98, 86.61, 180],
		[11, "CN3_2", 395, -1136.58, "T", "DIP", "GND", "GND", "C", 125.98, 125.98, 86.61, 180],
		[12, "CN3_2", 395, -1136.58, "B", "DIP", "GND", "GND", "C", 125.98, 125.98, 86.61, 180],
		[13, "CN4_1", 1255, -276.57, "T", "DIP", "VCC", "", "C", 125.98, 125.98, 86.61, 0],
		[14, "CN4_1", 1255, -276.57, "B", "DIP", "VCC", "", "C", 125.98, 125.98, 86.61, 0],
		[15, "CN4_2", 1255, -473.43, "T", "DIP", "GND", "GND", "C", 125.98, 125.98, 86.61, 0],
		[16, "CN4_2", 1255, -473.43, "B", "DIP", "GND", "GND", "C", 125.98, 125.98, 86.61, 0],
		[17, "CN5_1", 1255, -706.58, "T", "DIP", "VCC", "", "C", 125.98, 125.98, 86.61, 0],
		[18, "CN5_1", 1255, -706.58, "B", "DIP", "VCC", "", "C", 125.98, 125.98, 86.61, 0],
		[19, "CN5_2", 1255, -903.42, "T", "DIP", "GND", "GND", "C", 125.98, 125.98, 86.61, 0],
		[20, "CN5_2", 1255, -903.42, "B", "DIP", "GND", "GND", "C", 125.98, 125.98, 86.61, 0],
		[21, "CN6_1", 1255, -1136.58, "T", "DIP", "VCC", "", "C", 125.98, 125.98, 86.61, 0],
		[22, "CN6_1", 1255, -1136.58, "B", "DIP", "VCC", "", "C", 125.98, 125.98, 86.61, 0],
		[23, "CN6_2", 1255, -1333.42, "T", "DIP", "GND", "GND", "C", 125.98, 125.98, 86.61, 0],
		[24, "CN6_2", 1255, -1333.42, "B", "DIP", "GND", "GND", "C", 125.98, 125.98, 86.61, 0],
		[25, "CN7_1", 736.58, -1093.28, "T", "DIP", "VCC", "", "C", 125.98, 125.98, 86.61, 90],
		[26, "CN7_1", 736.58, -1093.28, "B", "DIP", "VCC", "", "C", 125.98, 125.98, 86.61, 90],
		[27, "CN7_2", 933.42, -1093.28, "T", "DIP", "GND", "GND", "C", 125.98, 125.98, 86.61, 90],
		[28, "CN7_2", 933.42, -1093.28, "B", "DIP", "GND", "GND", "C", 125.98, 125.98, 86.61, 90],
		[29, "CN9_1", 1458.71, -499.6, "T", "SMD", "CANL", "", "R", 23.62, 66.93, 0, 90],
		[30, "CN9_2", 1458.71, -450.4, "T", "SMD", "CANH", "", "R", 23.62, 66.93, 0, 90],
		[31, "CN9_3", 1572.88, -572.43, "T", "SMD", "CN9_3", "", "R", 39.37, 110.24, 0, 90],
		[32, "CN9_4", 1572.88, -377.55, "T", "SMD", "CN9_4", "", "R", 39.37, 110.24, 0, 90],
		[33, "CN10_1", 975.39, -1329.05, "T", "SMD", "CANH", "", "R", 23.62, 66.93, 0, 180],
		[34, "CN10_2", 1024.62, -1329.05, "T", "SMD", "CANL", "", "R", 23.62, 66.93, 0, 180],
		[35, "CN10_3", 1097.44, -1460.95, "T", "SMD", "CN10_3", "", "R", 39.37, 110.24, 0, 180],
		[36, "CN10_4", 902.56, -1460.95, "T", "SMD", "CN10_4", "", "R", 39.37, 110.24, 0, 180],
		[37, "CN11_1", 192.09, -440.4, "T", "SMD", "CANL", "", "R", 23.62, 66.93, 0, 270],
		[38, "CN11_2", 192.09, -489.6, "T", "SMD", "CANH", "", "R", 23.62, 66.93, 0, 270],
		[39, "CN11_3", 77.92, -367.57, "T", "SMD", "CN11_3", "", "R", 39.37, 110.24, 0, 270],
		[40, "CN11_4", 77.92, -562.45, "T", "SMD", "CN11_4", "", "R", 39.37, 110.24, 0, 270],
		[41, "CN12_1", 1458.71, -824.61, "T", "SMD", "CANL", "", "R", 23.62, 66.93, 0, 90],
		[42, "CN12_2", 1458.71, -775.39, "T", "SMD", "CANH", "", "R", 23.62, 66.93, 0, 90],
		[43, "CN12_3", 1572.88, -897.43, "T", "SMD", "CN12_3", "", "R", 39.37, 110.24, 0, 90],
		[44, "CN12_4", 1572.88, -702.55, "T", "SMD", "CN12_4", "", "R", 39.37, 110.24, 0, 90],
		[45, "CN13_1", 1458.71, -1144.61, "T", "SMD", "CANL", "", "R", 23.62, 66.93, 0, 90],
		[46, "CN13_2", 1458.71, -1095.39, "T", "SMD", "CANH", "", "R", 23.62, 66.93, 0, 90],
		[47, "CN13_3", 1572.88, -1217.44, "T", "SMD", "CN13_3", "", "R", 39.37, 110.24, 0, 90],
		[48, "CN13_4", 1572.88, -1022.56, "T", "SMD", "CN13_4", "", "R", 39.37, 110.24, 0, 90],
		[49, "CN14_1", 192.09, -1080.39, "T", "SMD", "CANL", "", "R", 23.62, 66.93, 0, 270],
		[50, "CN14_2", 192.09, -1129.61, "T", "SMD", "CANH", "", "R", 23.62, 66.93, 0, 270],
		[51, "CN14_3", 77.92, -1007.56, "T", "SMD", "CN14_3", "", "R", 39.37, 110.24, 0, 270],
		[52, "CN14_4", 77.92, -1202.44, "T", "SMD", "CN14_4", "", "R", 39.37, 110.24, 0, 270],
		[53, "CN15_1", 192.09, -770.39, "T", "SMD", "CANL", "", "R", 23.62, 66.93, 0, 270],
		[54, "CN15_2", 192.09, -819.61, "T", "SMD", "CANH", "", "R", 23.62, 66.93, 0, 270],
		[55, "CN15_3", 77.92, -697.57, "T", "SMD", "CN15_3", "", "R", 39.37, 110.24, 0, 270],
		[56, "CN15_4", 77.92, -892.45, "T", "SMD", "CN15_4", "", "R", 39.37, 110.24, 0, 270],
		[57, "CN16_1", 933.42, -556.85, "T", "DIP", "GND", "GND", "C", 98.42, 98.42, 70.87, 180],
		[58, "CN16_1", 933.42, -556.85, "B", "DIP", "GND", "GND", "C", 98.42, 98.42, 70.87, 180],
		[59, "CN16_2", 736.58, -556.85, "T", "DIP", "VCC", "", "C", 98.42, 98.42, 70.87, 180],
		[60, "CN16_2", 736.58, -556.85, "B", "DIP", "VCC", "", "C", 98.42, 98.42, 70.87, 180],
		[61, "CN16_3", 618.46, -163.15, "T", "DIP", "CN16_3", "", "C", 70.87, 70.87, 43.31, 180],
		[62, "CN16_3", 618.46, -163.15, "B", "DIP", "CN16_3", "", "C", 70.87, 70.87, 43.31, 180],
		[63, "CN16_4", 1051.54, -163.15, "T", "DIP", "CN16_4", "", "C", 70.87, 70.87, 43.31, 180],
		[64, "CN16_4", 1051.54, -163.15, "B", "DIP", "CN16_4", "", "C", 70.87, 70.87, 43.31, 180],
		[65, "U1_1", 922.52, -920, "T", "SMD", "GND", "GND", "R", 78.74, 70.87, 0, 180],
		[66, "U1_2", 737.48, -920, "T", "SMD", "VCC", "", "R", 78.74, 70.87, 0, 180],
		[67, "U2_1", 626.19, -1329.05, "T", "SMD", "CANL", "", "R", 23.62, 66.93, 0, 180],
		[68, "U2_2", 675.41, -1329.05, "T", "SMD", "CANH", "", "R", 23.62, 66.93, 0, 180],
		[69, "U2_3", 724.62, -1329.05, "T", "SMD", "GND", "GND", "R", 23.62, 66.93, 0, 180],
		[70, "U2_4", 773.82, -1329.05, "T", "SMD", "U2_4", "", "R", 23.62, 66.93, 0, 180],
		[71, "U2_5", 553.34, -1460.95, "T", "SMD", "U2_5", "", "R", 39.37, 110.24, 0, 180],
		[72, "U2_6", 846.66, -1460.95, "T", "SMD", "U2_6", "", "R", 39.37, 110.24, 0, 180],
		[73, "U3_1", 922.52, -805, "T", "SMD", "GND", "GND", "R", 78.74, 70.87, 0, 180],
		[74, "U3_2", 737.48, -805, "T", "SMD", "VCC", "", "R", 78.74, 70.87, 0, 180]
	]
}
}