{
"lengthUnit": "mil",
"components": {
	"fields": ["COMPONENT_NO", "COMPONENT_NAME", "LAYER", "X_COORDINATE", "Y_COORDINATE", "ANGLE"],
	"rows": [
		[1, "CN1", "B", 320, -240, 0],
		[2, "CN2", "T", 335, -400, 180],
		[3, "CN3", "T", 325, -45, 180],
		[4, "CN4", "T", 695, -450, 0],
		[5, "CN5", "T", 695, -220, 0],
		[6, "CN6", "T", 695, 5, 0],
		[7, "U4", "B", 330, -505, 180],
		[8, "U5", "B", 330, 60, 180]
	]
},
"pins": {
	"fields": ["PIN_NO", "PIN_NAME", "PIN_X", "PIN_Y", "LAYER", "PIN_TYPE", "NET_NAME", "NET_TYPE", "PAD_SHAPE", "PAD_SIZEX", "PAD_SIZEY", "HOLE_SIZE", "PAD_ANGLE"],
	"rows": [
		[1, "CN1_1", 221.57, -240, "T", "DIP", "GND", "GND", "C", 98.42, 98.42, 70.87, 0],
		[2, "CN1_1", 221.57, -240, "B", "DIP", "GND", "GND", "C", 98.42, 98.42, 70.87, 0],
		[3, "CN1_2", 418.43, -240, "T", "DIP", "VCC", "", "C", 98.42, 98.42, 70.87, 0],
		[4, "CN1_2", 418.43, -240, "B", "DIP", "VCC", "", "C", 98.42, 98.42, 70.87, 0],
		[5, "CN2_1", 433.43, -400, "T", "DIP", "VCC", "", "C", 125.98, 125.98, 86.61, 270],
		[6, "CN2_1", 433.43, -400, "B", "DIP", "VCC", "", "C", 125.98, 125.98, 86.61, 270],
		[7, "CN2_2", 236.57, -400, "T", "DIP", "GND", "GND", "C", 125.98, 125.98, 86.61, 270],
		[8, "CN2_2", 236.57, -400, "B", "DIP", "GND", "GND", "C", 125.98, 125.98, 86.61, 270],
		[9, "CN3_1", 423.43, -45, "T", "DIP", "VCC", "", "C", 125.98, 125.98, 86.61, 270],
		[10, "CN3_1", 423.43, -45, "B", "DIP", "VCC", "", "C", 125.98, 125.98, 86.61, 270],
		[11, "CN3_2", 226.57, -45, "T", "DIP", "GND", "GND", "C", 125.98, 125.98, 86.61, 270],
		[12, "CN3_2", 226.57, -45, "B", "DIP", "GND", "GND", "C", 125.98, 125.98, 86.61, 270],
		[13, "CN4_1", 670.39, -384.06, "T", "SMD", "H", "", "R", 23.62, 66.93, 0, 180],
		[14, "CN4_2", 719.62, -384.06, "T", "SMD", "L", "", "R", 23.62, 66.93, 0, 180],
		[15, "CN4_3", 792.45, -515.94, "T", "SMD", "CN4_3", "", "R", 39.37, 110.24, 0, 180],
		[16, "CN4_4", 597.55, -515.94, "T", "SMD", "CN4_4", "", "R", 39.37, 110.24, 0, 180],
		[17, "CN5_1", 670.39, -154.06, "T", "SMD", "H", "", "R", 23.62, 66.93, 0, 180],
		[18, "CN5_2", 719.62, -154.06, "T", "SMD", "L", "", "R", 23.62, 66.93, 0, 180],
		[19, "CN5_3", 792.45, -285.94, "T", "SMD", "CN5_3", "", "R", 39.37, 110.24, 0, 180],
		[20, "CN5_4", 597.55, -285.94, "T", "SMD", "CN5_4", "", "R", 39.37, 110.24, 0, 180],
		[21, "CN6_1", 670.39, 70.94, "T", "SMD", "H", "", "R", 23.62, 66.93, 0, 180],
		[22, "CN6_2", 719.62, 70.94, "T", "SMD", "L", "", "R", 23.62, 66.93, 0, 180],
		[23, "CN6_3", 792.45, -60.94, "T", "SMD", "CN6_3", "", "R", 39.37, 110.24, 0, 180],
		[24, "CN6_4", 597.55, -60.94, "T", "SMD", "CN6_4", "", "R", 39.37, 110.24, 0, 180],
		[25, "U4_1", 422.52, -505, "B", "SMD", "VCC", "", "R", 78.74, 70.87, 0, 180],
		[26, "U4_2", 237.48, -505, "B", "SMD", "GND", "GND", "R", 78.74, 70.87, 0, 180],
		[27, "U5_1", 422.52, 60, "B", "SMD", "VCC", "", "R", 78.74, 70.87, 0, 180],
		[28, "U5_2", 237.48, 60, "B", "SMD", "GND", "GND", "R", 78.74, 70.87, 0, 180]
	]
}
}